{
  "name": "atradius-common-popup-service-error",
  "version": "1.0.0",
  "jetVersion": "^6.1.0",
  "displayName": "atradius-common-popup-service-error",
  "description": "A translatable high-level description for the pack.",
  "properties": {

  },
  "methods": {
    "technicalErrorHandling" : {
      "params": [{
        "name": "uniqueId",
        "type": "object"
      }]
    },
    "open": {
      "description": "",
      "params": [{}]
    },
    "close": {
      "description": "",
      "params": [{}]
    }
  }, 
  "events": {

  }, 
  "slots": {

  }
}